m,n,k,b,p,q,algo,lookahead,gflops
40,40,40,10,2,2,p2p,0,0.004648
40,40,40,10,2,2,bcast,0,0.000889
40,40,40,10,2,2,p2p-i-la,1,0.004000
40,40,40,10,2,2,p2p-i-la,2,0.005315
40,40,40,10,2,2,p2p-i-la,3,0.552949
40,40,40,10,2,2,p2p-i-la,4,0.070657
